<?xml version="1.0"?>
<palette guid="404913d3-0c1d-46b8-97de-0d3c828aac0e" name="GAFY_COREL_COLOR_SWATCH_VERSION2.xml"><colors><page><color cs="CMYK" name="A1" tints="0.6,0.49,0.47,1"/><color cs="CMYK" name="A2" tints="0.01,0,0,0"/><color cs="CMYK" name="A3" tints="0,1,1,0"/><color cs="CMYK" name="A4" tints="0.04,0.66,0.81,0"/><color cs="CMYK" name="A5" tints="0,0,1,0"/><color cs="CMYK" name="A6" tints="1,0,1,0"/><color cs="CMYK" name="A7" tints="1,0,0,0"/><color cs="CMYK" name="A8" tints="0.71,0.13,0,0"/><color cs="CMYK" name="A9" tints="0.5,0.5,0,0"/><color cs="CMYK" name="A10" tints="0.4,0.75,0.85,0.52"/><color cs="CMYK" name="B1" tints="0.34,0.03,0,0"/><color cs="CMYK" name="B2" tints="0.27,0.11,0.02,0"/><color cs="CMYK" name="B3" tints="0.37,0.03,0.05,0"/><color cs="CMYK" name="B4" tints="0.56,0.02,0.05,0"/><color cs="CMYK" name="B5" tints="0.75,0,0,0"/><color cs="CMYK" name="B6" tints="0.68,0.18,0,0"/><color cs="CMYK" name="B7" tints="0.84,0.15,0.11,0.02"/><color cs="CMYK" name="B8" tints="1,0.29,0.04,0.01"/><color cs="CMYK" name="B9" tints="0.96,0.47,0,0"/><color cs="CMYK" name="B10" tints="0.94,0.72,0.05,0.01"/><color cs="CMYK" name="C1" tints="0.35,0,0.28,0"/><color cs="CMYK" name="C2" tints="0.46,0,0.26,0"/><color cs="CMYK" name="C3" tints="0.62,0,0.36,0"/><color cs="CMYK" name="C4" tints="0.95,0.07,0.37,0"/><color cs="CMYK" name="C5" tints="0.82,0.26,0.42,0.03"/><color cs="CMYK" name="C6" tints="0.6,0,0.47,0"/><color cs="CMYK" name="C7" tints="0.75,0,0.49,0"/><color cs="CMYK" name="C8" tints="0.83,0,0.55,0"/><color cs="CMYK" name="C9" tints="0.93,0,0.6,0"/><color cs="CMYK" name="C10" tints="0.87,0.35,0.53,0.12"/><color cs="CMYK" name="D1" tints="0.08,0.02,0.68,0"/><color cs="CMYK" name="D2" tints="0.18,0.02,0.78,0"/><color cs="CMYK" name="D3" tints="0.28,0,0.72,0"/><color cs="CMYK" name="D4" tints="0.27,0.01,0.97,0"/><color cs="CMYK" name="D5" tints="0.56,0,0.81,0"/><color cs="CMYK" name="D6" tints="0.52,0,0.95,0"/><color cs="CMYK" name="D7" tints="0.56,0.15,0.95,0.03"/><color cs="CMYK" name="D8" tints="0.48,0.19,0.83,0.13"/><color cs="CMYK" name="D9" tints="0.31,0.28,0.82,0.15"/><color cs="CMYK" name="D10" tints="0.88,0.35,1,0.28"/><color cs="CMYK" name="E1" tints="0.02,0.05,0.65,0"/><color cs="CMYK" name="E2" tints="0.04,0.13,1,0"/><color cs="CMYK" name="E3" tints="0,0.08,0.87,0"/><color cs="CMYK" name="E4" tints="0,0.17,0.84,0"/><color cs="CMYK" name="E5" tints="0,0.32,0.93,0"/><color cs="CMYK" name="E6" tints="0.09,0.05,0.87,0"/><color cs="CMYK" name="E7" tints="0.16,0.18,0.4,0.02"/><color cs="CMYK" name="E8" tints="0.14,0.2,0.72,0.02"/><color cs="CMYK" name="E9" tints="0.2,0.24,0.79,0.06"/><color cs="CMYK" name="E10" tints="0.18,0.35,0.78,0.05"/><color cs="CMYK" name="F1" tints="0.06,0.04,0.39,0"/><color cs="CMYK" name="F2" tints="0,0.13,0.44,0"/><color cs="CMYK" name="F3" tints="0,0.2,0.58,0"/><color cs="CMYK" name="F4" tints="0,0.32,0.73,0"/><color cs="CMYK" name="F5" tints="0,0.47,0.6,0"/><color cs="CMYK" name="F6" tints="0,0.58,0.75,0"/><color cs="CMYK" name="F7" tints="0.1,0.57,0.81,0"/><color cs="CMYK" name="F8" tints="0.15,0.69,0.83,0.02"/><color cs="CMYK" name="F9" tints="0.11,0.6,0.99,0.01"/><color cs="CMYK" name="F10" tints="0.24,0.89,0.97,0.18"/><color cs="CMYK" name="G1" tints="0.04,0.12,0.24,0"/><color cs="CMYK" name="G2" tints="0.02,0.23,0.05,0"/><color cs="CMYK" name="G3" tints="0,0.36,0.08,0"/><color cs="CMYK" name="G4" tints="0.09,0.37,0,0"/><color cs="CMYK" name="G5" tints="0,0.54,0.17,0"/><color cs="CMYK" name="G6" tints="0.13,0.55,0,0"/><color cs="CMYK" name="G7" tints="0.12,0.69,0,0"/><color cs="CMYK" name="G8" tints="0.1,0.77,0,0"/><color cs="CMYK" name="G9" tints="0.07,0.83,0.17,0"/><color cs="CMYK" name="G10" tints="0,1,0,0"/><color cs="CMYK" name="H1" tints="0.14,0.28,0,0"/><color cs="CMYK" name="H2" tints="0.25,0.53,0,0"/><color cs="CMYK" name="H3" tints="0.42,0.52,0,0"/><color cs="CMYK" name="H4" tints="0.4,0.69,0,0"/><color cs="CMYK" name="H5" tints="0.5,0.64,0,0"/><color cs="CMYK" name="H6" tints="0.54,0.74,0,0"/><color cs="CMYK" name="H7" tints="0.37,0.77,0.01,0"/><color cs="CMYK" name="H8" tints="0.53,0.95,0.02,0"/><color cs="CMYK" name="H9" tints="0.44,1,0.33,0.12"/><color cs="CMYK" name="I1" tints="0,0.37,0.31,0"/><color cs="CMYK" name="I10" tints="0.25,0.53,0.55,0.28"/><color cs="CMYK" name="I2" tints="0.07,0.36,0.31,0"/><color cs="CMYK" name="I3" tints="0,0.7,0.59,0"/><color cs="CMYK" name="I4" tints="0,0.79,0.5,0"/><color cs="CMYK" name="I5" tints="0.11,0.8,0.51,0.01"/><color cs="CMYK" name="I6" tints="0.21,0.76,0.49,0.06"/><color cs="CMYK" name="I7" tints="0.25,0.62,0.37,0.19"/><color cs="CMYK" name="I8" tints="0.23,0.58,0.7,0.13"/><color cs="CMYK" name="I9" tints="0.24,0.59,0.56,0.16"/><color cs="CMYK" name="H10" tints="1,0.97,0.38,0.42"/><color cs="CMYK" name="J1" tints="0.14,0.09,0.11,0"/><color cs="CMYK" name="J2" tints="0.25,0.18,0.18,0.01"/><color cs="CMYK" name="J3" tints="0.32,0.21,0.19,0.02"/><color cs="CMYK" name="J4" tints="0.34,0.24,0.22,0.03"/><color cs="CMYK" name="J5" tints="0.4,0.28,0.27,0.06"/><color cs="CMYK" name="J6" tints="0.44,0.33,0.29,0.1"/><color cs="CMYK" name="J7" tints="0.48,0.35,0.32,0.14"/><color cs="CMYK" name="J8" tints="0.54,0.38,0.33,0.19"/><color cs="CMYK" name="J9" tints="0.47,0.43,0.4,0.22"/><color cs="CMYK" name="J10" tints="0.52,0.38,0.43,0.24"/></page></colors></palette>
